{
	"pages": [{
		"path": "pages/login/login",
		"style": {
			"navigationStyle": "custom"
		}
	}, {
		"path": "pages/order/order",
		"style": {
			"navigationBarTitleText": "订单列表",
			"navigationStyle": "custom"
		}
	}, {
		"path": "pages/login/forget",
		"style": {
			"navigationBarBackgroundColor": "#FFFFFF",
			"navigationBarTextStyle": "black",
			"navigationBarTitleText": ""
		}
	}, {
		"path": "pages/login/register",
		"style": {
			"navigationBarBackgroundColor": "#FFFFFF",
			"navigationBarTextStyle": "black",
			"navigationBarTitleText": ""
		}
	}, {
		"path": "pages/finance/finance",
		"style": {
			"navigationBarTitleText": "酒店财务"
		}
	}, {
		"path": "pages/mine/mine",
		"style": {
			"navigationBarTitleText": "我的"
		}
	}, {
		"path": "pages/home/home",
		"style": {
			"navigationBarTitleText": "房态",
			"navigationStyle": "custom"
		}
	}, {
		"path": "pages/order/orderInfo",
		"style": {
			"navigationBarTitleText": "订单详情"
		}
	}, {
		"path": "pages/order/roomOrder",
		"style": {
			"navigationBarTitleText": "房间订单"
		}
	}, {
		"path": "pages/mine/room/roomRoomType",
		"style": {
			"navigationBarTitleText": "房间类型"
		}
	}, {
		"path": "pages/mine/room/roomTypeSetting",
		"style": {
			"navigationBarTitleText": "房型设置"
		}
	}, {
		"path": "pages/mine/room/roomSetting",
		"style": {
			"navigationBarTitleText": "房间设置"
		}
	}],
	"tabBar": {
		"color": "#7A7E83",
		"selectedColor": "#007AFF",
		"borderStyle": "black",
		"backgroundColor": "#ffffff",
		"list": [{
			"pagePath": "pages/home/home",
			"iconPath": "static/icon/home.svg",
			"selectedIconPath": "static/icon/homeSelect.svg",
			"text": "房态"
		}, {
			"pagePath": "pages/order/order",
			"iconPath": "static/icon/order.svg",
			"selectedIconPath": "static/icon/orderSelect.svg",
			"text": "订单"
		}, {
			"pagePath": "pages/finance/finance",
			"iconPath": "static/icon/finance.svg",
			"selectedIconPath": "static/icon/financeSelect.svg",
			"text": "财务"
		}, {
			"pagePath": "pages/mine/mine",
			"iconPath": "static/icon/mine.svg",
			"selectedIconPath": "static/icon/mineSelect.svg",
			"text": "我的"
		}]
	},
	"globalStyle": {
		"navigationBarTextStyle": "white",
		"navigationBarTitleText": "智享未来酒店",
		"navigationBarBackgroundColor": "#007AFF",
		"backgroundColor": "#FFFFFF"
	}
}
